<?xml version="1.0" encoding="UTF-8"?>
<project-private xmlns="http://www.netbeans.org/ns/project-private/1">
    <editor-bookmarks xmlns="http://www.netbeans.org/ns/editor-bookmarks/2" lastBookmarkId="0"/>
    <open-files xmlns="http://www.netbeans.org/ns/projectui-open-files/2">
        <group>
            <file>file:/C:/Users/Usuario/OneDrive/Documentos/NetBeansProjects/ProyectoFinalED/src/HorasLibresCRUD.java</file>
            <file>file:/C:/Users/Usuario/OneDrive/Documentos/NetBeansProjects/ProyectoFinalED/src/EventosCalendario.java</file>
            <file>file:/C:/Users/Usuario/OneDrive/Documentos/NetBeansProjects/ProyectoFinalED/src/Login.java</file>
            <file>file:/C:/Users/Usuario/OneDrive/Documentos/NetBeansProjects/ProyectoFinalED/src/ArchivoEventosReservados.java</file>
            <file>file:/C:/Users/Usuario/OneDrive/Documentos/NetBeansProjects/ProyectoFinalED/src/EventosReservadosModelo.java</file>
            <file>file:/C:/Users/Usuario/OneDrive/Documentos/NetBeansProjects/ProyectoFinalED/src/ReservaEventos.java</file>
            <file>file:/C:/Users/Usuario/OneDrive/Documentos/NetBeansProjects/ProyectoFinalED/src/UsuariosDAO.java</file>
            <file>file:/C:/Users/Usuario/OneDrive/Documentos/NetBeansProjects/ProyectoFinalED/src/CrearCuenta.java</file>
        </group>
    </open-files>
</project-private>
